Accuracy,Precision,Recall,F1 Score,AUC,CV Mean Accuracy
0.7348307596318827,0.7418561630246208,0.7348307596318827,0.736855167750743,0.8872132938334886,0.7418776750564575
