Accuracy,Precision,Recall,F1 Score,AUC,CV Mean Accuracy
0.7328029948525971,0.7337170680373661,0.7328029948525971,0.7332338639996095,0.8850715535060637,0.7436824679374695
