Accuracy,Precision,Recall,F1 Score,AUC,CV Mean Accuracy
0.747465294025893,0.7490976481213943,0.747465294025893,0.7481732303255446,0.8980201319576269,0.7569861054420471
