Accuracy,Precision,Recall,F1 Score,AUC
0.785212915301825,0.7882670165870701,0.785212915301825,0.7864401355322725,0.9225367541033935
