Accuracy,Precision,Recall,F1 Score,AUC,CV Mean Accuracy
0.34144439245047575,0.41822557876757327,0.34144439245047575,0.1904040358091814,0.5092757775427953,0.3388148665428162
