Accuracy,Precision,Recall,F1 Score,AUC,CV Mean Accuracy
0.7604117922321011,0.7604486306528847,0.7604117922321011,0.7601366235086805,0.9075724361505184,0.7546462471192544
