Accuracy,Precision,Recall,F1 Score,AUC,CV Mean Accuracy
0.33551708001871783,0.281964821964822,0.33551708001871783,0.18236557157782807,0.5004487855637102,0.3390158832073212
