Accuracy,Precision,Recall,F1 Score,AUC,CV Mean Accuracy
0.3408204648260802,0.5291139103921768,0.3408204648260802,0.18748799938427962,0.5132630057122078,0.33707711696624754
