Accuracy,Precision,Recall,F1 Score,AUC,CV Mean Accuracy
0.7267197005147403,0.732461595444446,0.7267197005147403,0.7286096723219023,0.8773222381075111,0.7195479039614388
