Accuracy,Precision,Recall,F1 Score,AUC,CV Mean Accuracy
0.7175167680549056,0.7159344780308914,0.7175167680549056,0.7159245064491015,0.8753101481594537,0.7198152165945252
