Accuracy,Precision,Recall,F1 Score,AUC,CV Mean Accuracy
0.3361410076431134,0.5834908875770086,0.3361410076431134,0.17434273021930163,0.5067186815594716,0.33293176889419557
