Accuracy,Precision,Recall,F1 Score,AUC,CV Mean Accuracy
0.34331617532366243,0.3468429572763498,0.34331617532366243,0.3133572800894019,0.5206967442408407,0.3356066048145294
