Accuracy,Precision,Recall,F1 Score,AUC
0.801123069723912,0.8050250298085397,0.801123069723912,0.8025383096047586,0.9323769898003017
