Accuracy,Precision,Recall,F1 Score,AUC,CV Mean Accuracy
0.7610357198564967,0.7632260170322719,0.7610357198564967,0.7617283277271446,0.9091528751873955,0.754846245510149
